1,2022-08-02 00:21:00
2,2023-06-02 01:56:00
3,2024-06-02 00:47:00
4,2024-08-02 01:34:00
5,2024-04-20 18:40:00
6,2024-04-15 18:56:00
7,2024-04-15 18:29:00
9,2024-03-21 12:35:00
10,2024-03-21 16:47:00
11,2024-07-14 15:16:00
12,2024-05-13 14:05:00
13,2024-07-14 23:28:00
14,2024-09-14 23:35:00
15,2024-01-18 20:59:00
16,2024-02-07 14:29:00
17,2023-05-08 00:58:00
18,2024-05-08 01:14:00
19,2024-08-08 19:29:00
20,2024-09-22 13:10:00
21,2023-08-23 09:05:00
22,2024-11-23 08:55:00
23,2024-08-21 08:45:00
